{"stats":{"minecraft:used":{"minecraft:warden_spawn_egg":1,"minecraft:diamond_boots":1,"minecraft:cooked_chicken":2,"minecraft:diamond_chestplate":1,"minecraft:diamond_sword":4,"minecraft:sand":3,"minecraft:bow":39,"minecraft:netherite_pickaxe":24,"minecraft:diamond_helmet":1,"minecraft:cake":5,"minecraft:diamond_leggings":1},"minecraft:killed":{"minecraft:sheep":2,"minecraft:trader_llama":2,"minecraft:chicken":2,"minecraft:spider":1,"minecraft:wandering_trader":1,"minecraft:turtle":1,"minecraft:warden":1,"minecraft:creeper":1,"minecraft:squid":1},"minecraft:picked_up":{"minecraft:sculk_catalyst":1,"minecraft:seagrass":2,"minecraft:sandstone":33,"minecraft:feather":3,"minecraft:leather":4,"minecraft:lead":2,"minecraft:sand":4,"minecraft:cooked_mutton":3,"minecraft:rotten_flesh":4,"minecraft:cooked_chicken":2,"minecraft:coal":1,"minecraft:white_wool":2,"minecraft:cobblestone":160},"minecraft:mined":{"minecraft:coal_ore":1,"minecraft:sand":6,"minecraft:stone":237,"minecraft:sandstone":58},"minecraft:custom":{"minecraft:time_since_rest":48625,"minecraft:sprint_one_cm":9433,"minecraft:damage_taken":40,"minecraft:walk_one_cm":32272,"minecraft:mob_kills":12,"minecraft:damage_dealt":200,"minecraft:fly_one_cm":35011,"minecraft:crouch_one_cm":245,"minecraft:play_time":48625,"minecraft:sneak_time":358,"minecraft:walk_under_water_one_cm":615,"minecraft:jump":167,"minecraft:leave_game":5,"minecraft:time_since_death":48625,"minecraft:walk_on_water_one_cm":228,"minecraft:total_world_time":48625,"minecraft:fall_one_cm":4083}},"DataVersion":3953}