{"stats":{"minecraft:killed_by":{"minecraft:warden":6,"minecraft:player":5,"minecraft:zombie":1,"minecraft:iron_golem":1},"minecraft:crafted":{"minecraft:oak_planks":60,"minecraft:crafting_table":1,"minecraft:wooden_pickaxe":1,"minecraft:bread":21,"minecraft:stick":4,"minecraft:iron_pickaxe":1,"minecraft:wheat":126},"minecraft:used":{"minecraft:cooked_mutton":3,"minecraft:diamond_boots":3,"minecraft:oak_planks":42,"minecraft:cooked_chicken":5,"minecraft:sand":3,"minecraft:crafting_table":1,"minecraft:diamond_helmet":5,"minecraft:cake":5,"minecraft:warden_spawn_egg":2,"minecraft:oak_log":8,"minecraft:bread":3,"minecraft:iron_pickaxe":132,"minecraft:diamond_sword":311,"minecraft:diamond_chestplate":4,"minecraft:bow":339,"minecraft:cooked_porkchop":2,"minecraft:netherite_pickaxe":24,"minecraft:cooked_beef":4,"minecraft:sculk_catalyst":1,"minecraft:diamond_leggings":4},"minecraft:dropped":{"minecraft:enchanted_book":1,"minecraft:wheat_seeds":1,"minecraft:tnt":64,"minecraft:diamond_leggings":5,"minecraft:feather":5,"minecraft:rotten_flesh":2,"minecraft:apple":1,"minecraft:diamond_sword":2,"minecraft:poppy":2,"minecraft:dirt":12,"minecraft:gunpowder":6,"minecraft:diamond_chestplate":5,"minecraft:oak_sapling":1,"minecraft:diamond_helmet":5,"minecraft:potion":1,"minecraft:spider_eye":2,"minecraft:diamond_boots":5,"minecraft:arrow":5,"minecraft:bow":3,"minecraft:wooden_pickaxe":1,"minecraft:string":3,"minecraft:white_wool":2,"minecraft:redstone":8,"minecraft:bone":1},"minecraft:custom":{"minecraft:mob_kills":62,"minecraft:interact_with_crafting_table":5,"minecraft:leave_game":8,"minecraft:time_since_death":2935,"minecraft:time_since_rest":2979,"minecraft:sprint_one_cm":82603,"minecraft:damage_taken":5400,"minecraft:walk_one_cm":226132,"minecraft:drop":80,"minecraft:damage_dealt":11602,"minecraft:damage_dealt_absorbed":36,"minecraft:swim_one_cm":1979,"minecraft:fly_one_cm":204518,"minecraft:player_kills":5,"minecraft:open_chest":1,"minecraft:crouch_one_cm":3288,"minecraft:play_time":162358,"minecraft:deaths":14,"minecraft:sneak_time":2441,"minecraft:walk_under_water_one_cm":7964,"minecraft:jump":1459,"minecraft:walk_on_water_one_cm":11458,"minecraft:total_world_time":162358,"minecraft:fall_one_cm":56841},"minecraft:mined":{"minecraft:short_grass":32,"minecraft:grass_block":9,"minecraft:tall_grass":3,"minecraft:sandstone":58,"minecraft:seagrass":3,"minecraft:hay_block":14,"minecraft:sculk_catalyst":1,"minecraft:fire":16,"minecraft:andesite":4,"minecraft:coal_ore":13,"minecraft:oak_log":23,"minecraft:dirt_path":4,"minecraft:sand":6,"minecraft:dirt":3,"minecraft:stone":350,"minecraft:oak_leaves":12},"minecraft:killed":{"minecraft:pig":1,"minecraft:witch":1,"minecraft:zombie_villager":1,"minecraft:spider":5,"minecraft:iron_golem":1,"minecraft:wandering_trader":1,"minecraft:creeper":8,"minecraft:squid":1,"minecraft:sheep":2,"minecraft:skeleton":7,"minecraft:trader_llama":2,"minecraft:zombie":17,"minecraft:chicken":5,"minecraft:turtle":1,"minecraft:warden":1,"minecraft:cow":3},"minecraft:picked_up":{"minecraft:seagrass":2,"minecraft:wheat":189,"minecraft:feather":5,"minecraft:cooked_beef":8,"minecraft:andesite":12,"minecraft:leather":18,"minecraft:lead":3,"minecraft:diamond_sword":5,"minecraft:potion":1,"minecraft:enchanted_book":7,"minecraft:oak_log":23,"minecraft:golden_sword":1,"minecraft:gunpowder":14,"minecraft:dirt":24,"minecraft:string":7,"minecraft:flint_and_steel":3,"minecraft:cooked_mutton":3,"minecraft:bone":9,"minecraft:apple":1,"minecraft:bow":3,"minecraft:diamond_leggings":8,"minecraft:wheat_seeds":4,"minecraft:iron_ingot":3,"minecraft:beef":3,"minecraft:cooked_chicken":5,"minecraft:iron_nugget":16,"minecraft:poppy":2,"minecraft:iron_pickaxe":4,"minecraft:diamond_helmet":7,"minecraft:sculk_catalyst":2,"minecraft:sandstone":33,"minecraft:cooked_porkchop":2,"minecraft:torch":1,"minecraft:sand":4,"minecraft:warden_spawn_egg":9,"minecraft:redstone":8,"minecraft:spider_eye":6,"minecraft:rotten_flesh":42,"minecraft:arrow":9,"minecraft:diamond_chestplate":10,"minecraft:diamond_boots":6,"minecraft:hay_block":14,"minecraft:oak_sapling":1,"minecraft:coal":13,"minecraft:white_wool":2,"minecraft:cobblestone":499}},"DataVersion":3953}