{"stats":{"minecraft:crafted":{"minecraft:oak_planks":60,"minecraft:crafting_table":1,"minecraft:wooden_pickaxe":1,"minecraft:stick":4,"minecraft:iron_pickaxe":1},"minecraft:used":{"minecraft:cooked_mutton":3,"minecraft:diamond_boots":1,"minecraft:oak_planks":42,"minecraft:cooked_chicken":5,"minecraft:sand":3,"minecraft:crafting_table":1,"minecraft:diamond_helmet":1,"minecraft:cake":5,"minecraft:warden_spawn_egg":1,"minecraft:oak_log":8,"minecraft:iron_pickaxe":132,"minecraft:diamond_chestplate":1,"minecraft:diamond_sword":47,"minecraft:bow":198,"minecraft:cooked_porkchop":1,"minecraft:netherite_pickaxe":24,"minecraft:cooked_beef":2,"minecraft:diamond_leggings":1},"minecraft:dropped":{"minecraft:wheat_seeds":1,"minecraft:diamond_leggings":2,"minecraft:feather":5,"minecraft:rotten_flesh":2,"minecraft:apple":1,"minecraft:poppy":2,"minecraft:dirt":11,"minecraft:gunpowder":6,"minecraft:diamond_chestplate":2,"minecraft:diamond_helmet":2,"minecraft:oak_sapling":1,"minecraft:potion":1,"minecraft:spider_eye":2,"minecraft:diamond_boots":2,"minecraft:arrow":3,"minecraft:wooden_pickaxe":1,"minecraft:string":3,"minecraft:white_wool":2,"minecraft:redstone":8,"minecraft:bone":1},"minecraft:custom":{"minecraft:mob_kills":55,"minecraft:interact_with_crafting_table":2,"minecraft:leave_game":6,"minecraft:time_since_death":110221,"minecraft:time_since_rest":110221,"minecraft:sprint_one_cm":60466,"minecraft:damage_taken":567,"minecraft:walk_one_cm":130490,"minecraft:drop":58,"minecraft:damage_dealt":2338,"minecraft:player_kills":1,"minecraft:fly_one_cm":139504,"minecraft:open_chest":1,"minecraft:crouch_one_cm":2365,"minecraft:play_time":110221,"minecraft:sneak_time":1614,"minecraft:walk_under_water_one_cm":615,"minecraft:jump":923,"minecraft:walk_on_water_one_cm":450,"minecraft:total_world_time":110221,"minecraft:fall_one_cm":30131},"minecraft:mined":{"minecraft:short_grass":12,"minecraft:grass_block":9,"minecraft:tall_grass":3,"minecraft:sandstone":58,"minecraft:fire":16,"minecraft:andesite":4,"minecraft:coal_ore":13,"minecraft:oak_log":23,"minecraft:dirt_path":1,"minecraft:dirt":2,"minecraft:sand":6,"minecraft:stone":350,"minecraft:oak_leaves":12},"minecraft:killed":{"minecraft:pig":1,"minecraft:witch":1,"minecraft:zombie_villager":1,"minecraft:spider":5,"minecraft:iron_golem":1,"minecraft:wandering_trader":1,"minecraft:creeper":8,"minecraft:squid":1,"minecraft:sheep":2,"minecraft:skeleton":6,"minecraft:trader_llama":2,"minecraft:zombie":12,"minecraft:chicken":5,"minecraft:turtle":1,"minecraft:warden":1,"minecraft:cow":3},"minecraft:picked_up":{"minecraft:seagrass":2,"minecraft:feather":5,"minecraft:cooked_beef":5,"minecraft:andesite":4,"minecraft:leather":7,"minecraft:lead":2,"minecraft:potion":1,"minecraft:oak_log":23,"minecraft:gunpowder":8,"minecraft:string":5,"minecraft:dirt":12,"minecraft:cooked_mutton":3,"minecraft:bone":3,"minecraft:apple":1,"minecraft:diamond_leggings":1,"minecraft:wheat_seeds":1,"minecraft:beef":3,"minecraft:iron_ingot":3,"minecraft:cooked_chicken":5,"minecraft:poppy":2,"minecraft:diamond_helmet":1,"minecraft:sculk_catalyst":1,"minecraft:sandstone":33,"minecraft:cooked_porkchop":2,"minecraft:sand":4,"minecraft:redstone":8,"minecraft:spider_eye":3,"minecraft:diamond_chestplate":1,"minecraft:rotten_flesh":10,"minecraft:arrow":2,"minecraft:diamond_boots":1,"minecraft:oak_sapling":1,"minecraft:coal":13,"minecraft:white_wool":2,"minecraft:cobblestone":273}},"DataVersion":3953}