{"stats":{"minecraft:crafted":{"minecraft:oak_planks":44},"minecraft:used":{"minecraft:warden_spawn_egg":1,"minecraft:cooked_mutton":3,"minecraft:diamond_boots":1,"minecraft:oak_planks":4,"minecraft:cooked_chicken":2,"minecraft:diamond_chestplate":1,"minecraft:diamond_sword":4,"minecraft:sand":3,"minecraft:bow":130,"minecraft:netherite_pickaxe":24,"minecraft:diamond_helmet":1,"minecraft:cake":5,"minecraft:diamond_leggings":1},"minecraft:custom":{"minecraft:time_since_rest":56261,"minecraft:sprint_one_cm":23397,"minecraft:damage_taken":169,"minecraft:walk_one_cm":57710,"minecraft:mob_kills":41,"minecraft:damage_dealt":200,"minecraft:fly_one_cm":55187,"minecraft:crouch_one_cm":774,"minecraft:play_time":56261,"minecraft:sneak_time":880,"minecraft:walk_under_water_one_cm":615,"minecraft:jump":327,"minecraft:leave_game":6,"minecraft:walk_on_water_one_cm":228,"minecraft:time_since_death":56261,"minecraft:total_world_time":56261,"minecraft:fall_one_cm":7854},"minecraft:mined":{"minecraft:oak_log":11,"minecraft:coal_ore":1,"minecraft:sand":6,"minecraft:stone":237,"minecraft:sandstone":58},"minecraft:killed":{"minecraft:sheep":2,"minecraft:skeleton":5,"minecraft:trader_llama":2,"minecraft:zombie":9,"minecraft:witch":1,"minecraft:chicken":5,"minecraft:spider":5,"minecraft:wandering_trader":1,"minecraft:turtle":1,"minecraft:warden":1,"minecraft:creeper":6,"minecraft:squid":1},"minecraft:picked_up":{"minecraft:sculk_catalyst":1,"minecraft:seagrass":2,"minecraft:sandstone":33,"minecraft:feather":5,"minecraft:leather":4,"minecraft:lead":2,"minecraft:potion":1,"minecraft:sand":4,"minecraft:oak_log":11,"minecraft:gunpowder":4,"minecraft:redstone":8,"minecraft:spider_eye":2,"minecraft:string":3,"minecraft:cooked_mutton":3,"minecraft:bone":1,"minecraft:arrow":2,"minecraft:apple":1,"minecraft:rotten_flesh":6,"minecraft:cooked_chicken":5,"minecraft:coal":1,"minecraft:white_wool":2,"minecraft:cobblestone":160}},"DataVersion":3953}