{"stats":{"minecraft:crafted":{"minecraft:oak_planks":44},"minecraft:used":{"minecraft:warden_spawn_egg":1,"minecraft:oak_log":8,"minecraft:cooked_mutton":3,"minecraft:diamond_boots":1,"minecraft:oak_planks":42,"minecraft:cooked_chicken":5,"minecraft:diamond_chestplate":1,"minecraft:diamond_sword":4,"minecraft:sand":3,"minecraft:bow":133,"minecraft:netherite_pickaxe":24,"minecraft:diamond_helmet":1,"minecraft:cake":5,"minecraft:diamond_leggings":1},"minecraft:custom":{"minecraft:time_since_rest":62221,"minecraft:sprint_one_cm":27816,"minecraft:damage_taken":368,"minecraft:walk_one_cm":68095,"minecraft:mob_kills":42,"minecraft:damage_dealt":200,"minecraft:fly_one_cm":67724,"minecraft:crouch_one_cm":1811,"minecraft:play_time":62221,"minecraft:sneak_time":1375,"minecraft:walk_under_water_one_cm":615,"minecraft:jump":450,"minecraft:leave_game":6,"minecraft:walk_on_water_one_cm":228,"minecraft:time_since_death":62221,"minecraft:total_world_time":62221,"minecraft:fall_one_cm":17039},"minecraft:mined":{"minecraft:fire":16,"minecraft:dirt_path":1,"minecraft:short_grass":4,"minecraft:grass_block":9,"minecraft:oak_log":23,"minecraft:coal_ore":1,"minecraft:sand":6,"minecraft:dirt":1,"minecraft:stone":237,"minecraft:oak_leaves":12,"minecraft:sandstone":58},"minecraft:killed":{"minecraft:sheep":2,"minecraft:skeleton":5,"minecraft:trader_llama":2,"minecraft:zombie":9,"minecraft:witch":1,"minecraft:chicken":5,"minecraft:spider":5,"minecraft:wandering_trader":1,"minecraft:turtle":1,"minecraft:warden":1,"minecraft:creeper":7,"minecraft:squid":1},"minecraft:picked_up":{"minecraft:sculk_catalyst":1,"minecraft:seagrass":2,"minecraft:sandstone":33,"minecraft:feather":5,"minecraft:leather":4,"minecraft:lead":2,"minecraft:potion":1,"minecraft:sand":4,"minecraft:oak_log":23,"minecraft:gunpowder":6,"minecraft:redstone":8,"minecraft:dirt":11,"minecraft:spider_eye":2,"minecraft:string":3,"minecraft:cooked_mutton":3,"minecraft:arrow":2,"minecraft:bone":1,"minecraft:rotten_flesh":6,"minecraft:apple":1,"minecraft:wheat_seeds":1,"minecraft:cooked_chicken":5,"minecraft:oak_sapling":1,"minecraft:coal":1,"minecraft:white_wool":2,"minecraft:cobblestone":160}},"DataVersion":3953}