{"stats":{"minecraft:custom":{"minecraft:jump":28,"minecraft:time_since_rest":23543,"minecraft:damage_taken":40,"minecraft:leave_game":3,"minecraft:play_time":23543,"minecraft:walk_on_water_one_cm":139,"minecraft:time_since_death":23543,"minecraft:walk_one_cm":7039,"minecraft:sneak_time":262,"minecraft:total_world_time":23543,"minecraft:walk_under_water_one_cm":239,"minecraft:fall_one_cm":890,"minecraft:fly_one_cm":8814},"minecraft:picked_up":{"minecraft:sand":1,"minecraft:sandstone":33,"minecraft:coal":1,"minecraft:cobblestone":160},"minecraft:mined":{"minecraft:coal_ore":1,"minecraft:stone":237,"minecraft:sandstone":58,"minecraft:sand":3},"minecraft:used":{"minecraft:netherite_pickaxe":24}},"DataVersion":3953}