{"stats":{"minecraft:killed_by":{"minecraft:warden":8,"minecraft:player":11,"minecraft:zombie":1,"minecraft:iron_golem":2},"minecraft:crafted":{"minecraft:oak_planks":60,"minecraft:crafting_table":1,"minecraft:wooden_pickaxe":1,"minecraft:bread":21,"minecraft:stick":4,"minecraft:iron_pickaxe":1,"minecraft:wheat":126},"minecraft:used":{"minecraft:cooked_mutton":3,"minecraft:netherite_sword":5,"minecraft:enchanting_table":1,"minecraft:diamond_boots":3,"minecraft:oak_planks":42,"minecraft:cooked_chicken":5,"minecraft:sand":3,"minecraft:crafting_table":1,"minecraft:diamond_helmet":5,"minecraft:cake":5,"minecraft:warden_spawn_egg":4,"minecraft:oak_log":8,"minecraft:bookshelf":100,"minecraft:command_block":1,"minecraft:bread":3,"minecraft:verdant_froglight":7,"minecraft:iron_pickaxe":132,"minecraft:bedrock":213,"minecraft:diamond_sword":437,"minecraft:diamond_chestplate":4,"minecraft:bow":411,"minecraft:cooked_porkchop":2,"minecraft:netherite_pickaxe":24,"minecraft:cooked_beef":4,"minecraft:sculk_catalyst":1,"minecraft:diamond_leggings":4},"minecraft:dropped":{"minecraft:enchanted_book":1,"minecraft:wheat_seeds":1,"minecraft:tnt":64,"minecraft:diamond_leggings":5,"minecraft:feather":5,"minecraft:rotten_flesh":2,"minecraft:enchanted_golden_apple":32,"minecraft:apple":1,"minecraft:diamond_sword":2,"minecraft:poppy":2,"minecraft:dirt":12,"minecraft:gunpowder":6,"minecraft:diamond_chestplate":5,"minecraft:oak_sapling":1,"minecraft:diamond_helmet":5,"minecraft:potion":1,"minecraft:spider_eye":2,"minecraft:diamond_boots":5,"minecraft:arrow":5,"minecraft:bow":3,"minecraft:wooden_pickaxe":1,"minecraft:string":3,"minecraft:white_wool":2,"minecraft:redstone":8,"minecraft:bone":1},"minecraft:custom":{"minecraft:interact_with_anvil":4,"minecraft:mob_kills":70,"minecraft:interact_with_crafting_table":5,"minecraft:leave_game":10,"minecraft:time_since_death":26161,"minecraft:time_since_rest":26194,"minecraft:sprint_one_cm":91598,"minecraft:damage_taken":58600,"minecraft:walk_one_cm":305873,"minecraft:drop":81,"minecraft:damage_dealt":16096,"minecraft:damage_dealt_absorbed":60,"minecraft:swim_one_cm":1979,"minecraft:fly_one_cm":287243,"minecraft:player_kills":11,"minecraft:open_chest":1,"minecraft:crouch_one_cm":10578,"minecraft:play_time":238713,"minecraft:deaths":29,"minecraft:sneak_time":4335,"minecraft:walk_under_water_one_cm":10820,"minecraft:jump":1881,"minecraft:walk_on_water_one_cm":12327,"minecraft:total_world_time":238713,"minecraft:fall_one_cm":66821},"minecraft:mined":{"minecraft:short_grass":55,"minecraft:grass_block":9,"minecraft:tall_grass":3,"minecraft:sandstone":58,"minecraft:seagrass":3,"minecraft:hay_block":14,"minecraft:sculk_catalyst":1,"minecraft:fire":16,"minecraft:andesite":4,"minecraft:coal_ore":13,"minecraft:oak_log":23,"minecraft:dirt_path":4,"minecraft:sand":6,"minecraft:dirt":3,"minecraft:stone":350,"minecraft:oak_leaves":12},"minecraft:killed":{"minecraft:pig":1,"minecraft:witch":1,"minecraft:zombie_villager":1,"minecraft:spider":5,"minecraft:iron_golem":2,"minecraft:wandering_trader":1,"minecraft:creeper":9,"minecraft:squid":1,"minecraft:sheep":3,"minecraft:skeleton":8,"minecraft:trader_llama":2,"minecraft:zombie":18,"minecraft:chicken":5,"minecraft:turtle":1,"minecraft:warden":2,"minecraft:cow":4},"minecraft:picked_up":{"minecraft:seagrass":2,"minecraft:netherite_boots":1,"minecraft:wheat":189,"minecraft:feather":5,"minecraft:cooked_beef":9,"minecraft:anvil":1,"minecraft:andesite":12,"minecraft:leather":22,"minecraft:lead":3,"minecraft:diamond_sword":11,"minecraft:potion":1,"minecraft:enchanted_book":7,"minecraft:oak_log":23,"minecraft:golden_sword":1,"minecraft:gunpowder":14,"minecraft:netherite_leggings":1,"minecraft:string":7,"minecraft:dirt":24,"minecraft:flint_and_steel":3,"minecraft:cooked_mutton":5,"minecraft:bone":10,"minecraft:apple":1,"minecraft:bow":6,"minecraft:wheat_seeds":9,"minecraft:diamond_leggings":20,"minecraft:netherite_sword":1,"minecraft:beef":4,"minecraft:iron_ingot":3,"minecraft:cooked_chicken":5,"minecraft:iron_nugget":16,"minecraft:poppy":2,"minecraft:iron_pickaxe":4,"minecraft:diamond_helmet":14,"minecraft:enchanted_golden_apple":63,"minecraft:sculk_catalyst":3,"minecraft:sandstone":33,"minecraft:cooked_porkchop":2,"minecraft:torch":1,"minecraft:fire_charge":5,"minecraft:sand":4,"minecraft:warden_spawn_egg":73,"minecraft:redstone":8,"minecraft:spider_eye":7,"minecraft:tnt":61,"minecraft:rotten_flesh":42,"minecraft:diamond_shovel":1,"minecraft:arrow":13,"minecraft:diamond_chestplate":19,"minecraft:netherite_helmet":1,"minecraft:diamond_boots":15,"minecraft:hay_block":14,"minecraft:diamond_axe":2,"minecraft:netherite_chestplate":1,"minecraft:oak_sapling":1,"minecraft:coal":13,"minecraft:diamond_pickaxe":1,"minecraft:white_wool":3,"minecraft:cobblestone":499,"minecraft:ender_pearl":32}},"DataVersion":3953}