{"stats":{"minecraft:killed_by":{"minecraft:player":11,"minecraft:iron_golem":2,"minecraft:warden":8,"minecraft:zombie":1},"minecraft:crafted":{"minecraft:oak_planks":104,"minecraft:chest":5,"minecraft:wheat":126,"minecraft:crafting_table":2,"minecraft:wooden_pickaxe":1,"minecraft:bread":21,"minecraft:stick":4,"minecraft:iron_pickaxe":1},"minecraft:used":{"minecraft:netherite_sword":5,"minecraft:enchanting_table":1,"minecraft:chest":5,"minecraft:shield":1,"minecraft:cooked_chicken":6,"minecraft:diamond_helmet":5,"minecraft:warden_spawn_egg":6,"minecraft:netherite_shovel":211,"minecraft:bookshelf":100,"minecraft:bedrock":213,"minecraft:diamond_chestplate":4,"minecraft:bow":411,"minecraft:netherite_pickaxe":55,"minecraft:cooked_beef":4,"minecraft:enchanted_golden_apple":6,"minecraft:cooked_mutton":3,"minecraft:diamond_boots":3,"minecraft:oak_planks":42,"minecraft:sand":3,"minecraft:crafting_table":3,"minecraft:cake":5,"minecraft:oak_log":8,"minecraft:mace":1,"minecraft:command_block":1,"minecraft:bread":3,"minecraft:iron_pickaxe":132,"minecraft:verdant_froglight":7,"minecraft:netherite_axe":14,"minecraft:diamond_sword":598,"minecraft:cooked_porkchop":2,"minecraft:sculk_catalyst":3,"minecraft:diamond_leggings":4},"minecraft:dropped":{"minecraft:enchanted_book":1,"minecraft:wheat_seeds":1,"minecraft:tnt":64,"minecraft:diamond_leggings":5,"minecraft:feather":5,"minecraft:apple":1,"minecraft:dirt":12,"minecraft:diamond_helmet":5,"minecraft:potion":1,"minecraft:string":3,"minecraft:white_wool":2,"minecraft:bone":1,"minecraft:redstone":8,"minecraft:rotten_flesh":2,"minecraft:enchanted_golden_apple":32,"minecraft:diamond_sword":2,"minecraft:poppy":2,"minecraft:gunpowder":6,"minecraft:diamond_chestplate":5,"minecraft:oak_sapling":1,"minecraft:spider_eye":2,"minecraft:diamond_boots":5,"minecraft:arrow":5,"minecraft:bow":3,"minecraft:wooden_pickaxe":1},"minecraft:custom":{"minecraft:interact_with_anvil":4,"minecraft:mob_kills":81,"minecraft:interact_with_crafting_table":9,"minecraft:leave_game":11,"minecraft:time_since_death":47828,"minecraft:damage_resisted":1356,"minecraft:sprint_one_cm":105756,"minecraft:walk_one_cm":420770,"minecraft:damage_blocked_by_shield":30,"minecraft:drop":81,"minecraft:damage_dealt_absorbed":60,"minecraft:play_time":304492,"minecraft:deaths":30,"minecraft:sneak_time":4837,"minecraft:walk_under_water_one_cm":11431,"minecraft:jump":2382,"minecraft:walk_on_water_one_cm":12603,"minecraft:total_world_time":304492,"minecraft:time_since_rest":47860,"minecraft:damage_taken":60776,"minecraft:damage_absorbed":955,"minecraft:damage_dealt":28516,"minecraft:player_kills":11,"minecraft:swim_one_cm":1979,"minecraft:fly_one_cm":399405,"minecraft:open_chest":11,"minecraft:crouch_one_cm":11614,"minecraft:fall_one_cm":85989},"minecraft:mined":{"minecraft:grass_block":894,"minecraft:sandstone":58,"minecraft:hay_block":14,"minecraft:sculk_catalyst":1,"minecraft:fire":16,"minecraft:andesite":4,"minecraft:azure_bluet":1,"minecraft:dirt_path":4,"minecraft:stone":381,"minecraft:crafting_table":1,"minecraft:short_grass":67,"minecraft:tall_grass":10,"minecraft:air":5,"minecraft:seagrass":3,"minecraft:oak_log":34,"minecraft:coal_ore":13,"minecraft:dirt":1221,"minecraft:sand":6,"minecraft:oak_leaves":13},"minecraft:broken":{"minecraft:netherite_shovel":1},"minecraft:killed":{"minecraft:witch":1,"minecraft:spider":7,"minecraft:skeleton":11,"minecraft:chicken":5,"minecraft:turtle":1,"minecraft:warden":4,"minecraft:pig":2,"minecraft:zombie_villager":1,"minecraft:iron_golem":3,"minecraft:wandering_trader":1,"minecraft:creeper":9,"minecraft:squid":1,"minecraft:sheep":3,"minecraft:trader_llama":2,"minecraft:zombie":20,"minecraft:cow":4},"minecraft:picked_up":{"minecraft:seagrass":2,"minecraft:crafting_table":1,"minecraft:wheat":189,"minecraft:azure_bluet":1,"minecraft:anvil":1,"minecraft:lead":3,"minecraft:diamond_sword":12,"minecraft:enchanted_book":7,"minecraft:potion":1,"minecraft:golden_sword":1,"minecraft:shield":1,"minecraft:string":9,"minecraft:flint_and_steel":3,"minecraft:diamond_leggings":21,"minecraft:netherite_sword":1,"minecraft:beef":4,"minecraft:iron_nugget":16,"minecraft:poppy":3,"minecraft:iron_pickaxe":4,"minecraft:enchanted_golden_apple":63,"minecraft:sandstone":33,"minecraft:torch":1,"minecraft:fire_charge":5,"minecraft:porkchop":4,"minecraft:netherite_shovel":1,"minecraft:mace":1,"minecraft:villager_spawn_egg":21,"minecraft:warden_spawn_egg":73,"minecraft:redstone":8,"minecraft:netherite_pickaxe":1,"minecraft:tnt":61,"minecraft:arrow":17,"minecraft:diamond_chestplate":20,"minecraft:rotten_flesh":45,"minecraft:diamond_boots":16,"minecraft:hay_block":14,"minecraft:netherite_chestplate":1,"minecraft:cobblestone":525,"minecraft:white_wool":3,"minecraft:oxeye_daisy":1,"minecraft:netherite_boots":1,"minecraft:feather":5,"minecraft:cooked_beef":9,"minecraft:andesite":12,"minecraft:leather":22,"minecraft:oak_log":38,"minecraft:gunpowder":14,"minecraft:netherite_leggings":1,"minecraft:dirt":1887,"minecraft:cooked_mutton":5,"minecraft:bone":14,"minecraft:apple":1,"minecraft:bow":6,"minecraft:wheat_seeds":24,"minecraft:iron_ingot":8,"minecraft:cooked_chicken":69,"minecraft:netherite_axe":1,"minecraft:diamond_helmet":15,"minecraft:sculk_catalyst":5,"minecraft:cooked_porkchop":2,"minecraft:dandelion":1,"minecraft:sand":4,"minecraft:spider_eye":7,"minecraft:diamond_shovel":1,"minecraft:netherite_helmet":1,"minecraft:diamond_axe":2,"minecraft:oak_sapling":1,"minecraft:netherite_hoe":1,"minecraft:coal":13,"minecraft:ender_pearl":32,"minecraft:diamond_pickaxe":1}},"DataVersion":3953}