{"stats":{"minecraft:custom":{"minecraft:time_since_rest":44761,"minecraft:sprint_one_cm":2003,"minecraft:play_time":44761,"minecraft:damage_taken":40,"minecraft:walk_one_cm":25504,"minecraft:sneak_time":271,"minecraft:walk_under_water_one_cm":615,"minecraft:mob_kills":8,"minecraft:jump":93,"minecraft:damage_dealt":200,"minecraft:leave_game":4,"minecraft:time_since_death":44761,"minecraft:walk_on_water_one_cm":228,"minecraft:total_world_time":44761,"minecraft:fall_one_cm":890,"minecraft:fly_one_cm":18697},"minecraft:killed":{"minecraft:spider":1,"minecraft:trader_llama":2,"minecraft:wandering_trader":1,"minecraft:turtle":1,"minecraft:warden":1,"minecraft:creeper":1,"minecraft:squid":1},"minecraft:picked_up":{"minecraft:sculk_catalyst":1,"minecraft:seagrass":2,"minecraft:sandstone":33,"minecraft:rotten_flesh":4,"minecraft:leather":4,"minecraft:lead":2,"minecraft:sand":1,"minecraft:coal":1,"minecraft:cobblestone":160},"minecraft:mined":{"minecraft:coal_ore":1,"minecraft:sand":3,"minecraft:stone":237,"minecraft:sandstone":58},"minecraft:used":{"minecraft:warden_spawn_egg":1,"minecraft:diamond_sword":4,"minecraft:bow":32,"minecraft:netherite_pickaxe":24,"minecraft:cake":5}},"DataVersion":3953}