{"stats":{"minecraft:killed_by":{"minecraft:warden":6,"minecraft:zombie":1},"minecraft:crafted":{"minecraft:oak_planks":60,"minecraft:crafting_table":1,"minecraft:wooden_pickaxe":1,"minecraft:stick":4,"minecraft:iron_pickaxe":1},"minecraft:used":{"minecraft:cooked_mutton":3,"minecraft:diamond_boots":2,"minecraft:oak_planks":42,"minecraft:cooked_chicken":5,"minecraft:sand":3,"minecraft:crafting_table":1,"minecraft:diamond_helmet":2,"minecraft:cake":5,"minecraft:warden_spawn_egg":2,"minecraft:oak_log":8,"minecraft:iron_pickaxe":132,"minecraft:diamond_sword":188,"minecraft:diamond_chestplate":2,"minecraft:bow":262,"minecraft:cooked_porkchop":2,"minecraft:netherite_pickaxe":24,"minecraft:cooked_beef":4,"minecraft:sculk_catalyst":1,"minecraft:diamond_leggings":2},"minecraft:dropped":{"minecraft:wheat_seeds":1,"minecraft:diamond_leggings":2,"minecraft:feather":5,"minecraft:rotten_flesh":2,"minecraft:apple":1,"minecraft:poppy":2,"minecraft:dirt":12,"minecraft:gunpowder":6,"minecraft:diamond_chestplate":2,"minecraft:oak_sapling":1,"minecraft:diamond_helmet":2,"minecraft:potion":1,"minecraft:spider_eye":2,"minecraft:diamond_boots":2,"minecraft:arrow":3,"minecraft:wooden_pickaxe":1,"minecraft:string":3,"minecraft:white_wool":2,"minecraft:redstone":8,"minecraft:bone":1},"minecraft:custom":{"minecraft:mob_kills":59,"minecraft:interact_with_crafting_table":3,"minecraft:leave_game":8,"minecraft:time_since_death":5197,"minecraft:time_since_rest":5230,"minecraft:sprint_one_cm":64780,"minecraft:damage_taken":3445,"minecraft:walk_one_cm":171913,"minecraft:drop":59,"minecraft:damage_dealt":9884,"minecraft:swim_one_cm":1979,"minecraft:fly_one_cm":178442,"minecraft:player_kills":3,"minecraft:open_chest":1,"minecraft:crouch_one_cm":3091,"minecraft:play_time":138358,"minecraft:deaths":8,"minecraft:sneak_time":2342,"minecraft:walk_under_water_one_cm":7038,"minecraft:jump":1221,"minecraft:walk_on_water_one_cm":6520,"minecraft:total_world_time":138358,"minecraft:fall_one_cm":43448},"minecraft:mined":{"minecraft:short_grass":14,"minecraft:grass_block":9,"minecraft:tall_grass":3,"minecraft:sandstone":58,"minecraft:hay_block":14,"minecraft:sculk_catalyst":1,"minecraft:fire":16,"minecraft:andesite":4,"minecraft:coal_ore":13,"minecraft:oak_log":23,"minecraft:dirt_path":4,"minecraft:sand":6,"minecraft:dirt":3,"minecraft:stone":350,"minecraft:oak_leaves":12},"minecraft:killed":{"minecraft:pig":1,"minecraft:witch":1,"minecraft:zombie_villager":1,"minecraft:spider":5,"minecraft:iron_golem":1,"minecraft:wandering_trader":1,"minecraft:creeper":8,"minecraft:squid":1,"minecraft:sheep":2,"minecraft:skeleton":7,"minecraft:trader_llama":2,"minecraft:zombie":15,"minecraft:chicken":5,"minecraft:turtle":1,"minecraft:warden":1,"minecraft:cow":3},"minecraft:picked_up":{"minecraft:seagrass":2,"minecraft:feather":5,"minecraft:cooked_beef":8,"minecraft:andesite":12,"minecraft:leather":16,"minecraft:lead":2,"minecraft:diamond_sword":4,"minecraft:potion":1,"minecraft:enchanted_book":7,"minecraft:oak_log":23,"minecraft:gunpowder":14,"minecraft:dirt":24,"minecraft:string":7,"minecraft:cooked_mutton":3,"minecraft:bone":9,"minecraft:apple":1,"minecraft:bow":2,"minecraft:diamond_leggings":4,"minecraft:wheat_seeds":1,"minecraft:iron_ingot":3,"minecraft:beef":3,"minecraft:cooked_chicken":5,"minecraft:poppy":2,"minecraft:iron_pickaxe":4,"minecraft:diamond_helmet":4,"minecraft:sculk_catalyst":2,"minecraft:sandstone":33,"minecraft:cooked_porkchop":2,"minecraft:sand":4,"minecraft:warden_spawn_egg":9,"minecraft:redstone":8,"minecraft:spider_eye":6,"minecraft:rotten_flesh":38,"minecraft:arrow":9,"minecraft:diamond_chestplate":9,"minecraft:diamond_boots":4,"minecraft:hay_block":14,"minecraft:oak_sapling":1,"minecraft:coal":13,"minecraft:white_wool":2,"minecraft:cobblestone":499}},"DataVersion":3953}