{"stats":{"minecraft:crafted":{"minecraft:wheat":126},"minecraft:used":{"minecraft:diamond_sword":8},"minecraft:custom":{"minecraft:time_since_rest":5960,"minecraft:play_time":5960,"minecraft:sprint_one_cm":10324,"minecraft:damage_taken":135,"minecraft:walk_one_cm":19159,"minecraft:sneak_time":24,"minecraft:mob_kills":3,"minecraft:jump":96,"minecraft:damage_dealt":564,"minecraft:time_since_death":5960,"minecraft:total_world_time":5960,"minecraft:fall_one_cm":3283,"minecraft:fly_one_cm":13361},"minecraft:mined":{"minecraft:hay_block":14},"minecraft:killed":{"minecraft:trader_llama":1,"minecraft:wandering_trader":1},"minecraft:picked_up":{"minecraft:diamond_chestplate":1,"minecraft:leather":2,"minecraft:lead":1,"minecraft:diamond_leggings":1,"minecraft:diamond_sword":1,"minecraft:diamond_boots":2,"minecraft:hay_block":14,"minecraft:enchanted_book":1,"minecraft:diamond_helmet":1}},"DataVersion":3953}