{"stats":{"minecraft:killed_by":{"minecraft:iron_golem":1,"minecraft:player":10},"minecraft:crafted":{"minecraft:wheat":126},"minecraft:used":{"minecraft:cooked_mutton":5,"minecraft:diamond_boots":3,"minecraft:diamond_chestplate":5,"minecraft:diamond_sword":166,"minecraft:anvil":2,"minecraft:bow":77,"minecraft:tnt":5,"minecraft:diamond_helmet":1,"minecraft:cooked_beef":2,"minecraft:diamond_leggings":4},"minecraft:dropped":{"minecraft:diamond_chestplate":2,"minecraft:diamond_helmet":1},"minecraft:custom":{"minecraft:time_since_rest":11852,"minecraft:sprint_one_cm":60232,"minecraft:damage_taken":3441,"minecraft:walk_one_cm":113687,"minecraft:interact_with_anvil":4,"minecraft:mob_kills":10,"minecraft:drop":3,"minecraft:damage_dealt":4734,"minecraft:damage_dealt_absorbed":7,"minecraft:swim_one_cm":13704,"minecraft:fly_one_cm":213153,"minecraft:player_kills":4,"minecraft:crouch_one_cm":77,"minecraft:play_time":41960,"minecraft:deaths":12,"minecraft:sneak_time":98,"minecraft:walk_under_water_one_cm":10288,"minecraft:jump":600,"minecraft:time_since_death":11829,"minecraft:walk_on_water_one_cm":11085,"minecraft:total_world_time":41960,"minecraft:fall_one_cm":15183},"minecraft:mined":{"minecraft:hay_block":21,"minecraft:seagrass":2,"minecraft:short_grass":14,"minecraft:tall_grass":1},"minecraft:killed":{"minecraft:sheep":3,"minecraft:trader_llama":1,"minecraft:zombie":2,"minecraft:wandering_trader":1,"minecraft:cow":1},"minecraft:picked_up":{"minecraft:sponge":10,"minecraft:wheat":64,"minecraft:cooked_beef":2,"minecraft:leather":5,"minecraft:torch":1,"minecraft:lead":1,"minecraft:diamond_sword":12,"minecraft:enchanted_book":1,"minecraft:tnt":255,"minecraft:cooked_mutton":5,"minecraft:arrow":2,"minecraft:diamond_chestplate":12,"minecraft:bow":3,"minecraft:diamond_leggings":14,"minecraft:wheat_seeds":2,"minecraft:diamond_boots":13,"minecraft:hay_block":21,"minecraft:iron_nugget":16,"minecraft:diamond_helmet":8,"minecraft:black_wool":1,"minecraft:white_wool":2}},"DataVersion":3953}