{"stats":{"minecraft:killed_by":{"minecraft:iron_golem":1,"minecraft:player":1},"minecraft:crafted":{"minecraft:wheat":126},"minecraft:used":{"minecraft:cooked_mutton":5,"minecraft:diamond_sword":76,"minecraft:bow":41,"minecraft:cooked_beef":2},"minecraft:custom":{"minecraft:time_since_rest":47,"minecraft:sprint_one_cm":37036,"minecraft:damage_taken":1285,"minecraft:walk_one_cm":56395,"minecraft:mob_kills":8,"minecraft:damage_dealt":1919,"minecraft:damage_dealt_absorbed":7,"minecraft:swim_one_cm":1041,"minecraft:fly_one_cm":163121,"minecraft:player_kills":1,"minecraft:crouch_one_cm":10,"minecraft:play_time":17960,"minecraft:deaths":2,"minecraft:sneak_time":32,"minecraft:walk_under_water_one_cm":1648,"minecraft:jump":306,"minecraft:time_since_death":21,"minecraft:walk_on_water_one_cm":5908,"minecraft:total_world_time":17960,"minecraft:fall_one_cm":3910},"minecraft:mined":{"minecraft:hay_block":21,"minecraft:seagrass":2,"minecraft:short_grass":11,"minecraft:tall_grass":1},"minecraft:picked_up":{"minecraft:wheat":64,"minecraft:cooked_beef":2,"minecraft:leather":5,"minecraft:torch":1,"minecraft:lead":1,"minecraft:diamond_sword":4,"minecraft:enchanted_book":1,"minecraft:cooked_mutton":5,"minecraft:arrow":1,"minecraft:diamond_chestplate":4,"minecraft:bow":1,"minecraft:diamond_leggings":3,"minecraft:wheat_seeds":2,"minecraft:diamond_boots":6,"minecraft:hay_block":21,"minecraft:iron_nugget":16,"minecraft:diamond_helmet":4,"minecraft:black_wool":1,"minecraft:white_wool":2},"minecraft:killed":{"minecraft:sheep":3,"minecraft:trader_llama":1,"minecraft:zombie":1,"minecraft:wandering_trader":1,"minecraft:cow":1}},"DataVersion":3953}