{"stats":{"minecraft:killed_by":{"minecraft:iron_golem":1,"minecraft:player":9},"minecraft:crafted":{"minecraft:wheat":126},"minecraft:used":{"minecraft:cooked_mutton":5,"minecraft:diamond_boots":3,"minecraft:diamond_chestplate":5,"minecraft:diamond_sword":164,"minecraft:bow":77,"minecraft:tnt":5,"minecraft:diamond_helmet":1,"minecraft:cooked_beef":2,"minecraft:diamond_leggings":4},"minecraft:custom":{"minecraft:time_since_rest":3059,"minecraft:sprint_one_cm":54908,"minecraft:damage_taken":3313,"minecraft:walk_one_cm":108159,"minecraft:mob_kills":10,"minecraft:damage_dealt":4723,"minecraft:damage_dealt_absorbed":7,"minecraft:swim_one_cm":12770,"minecraft:fly_one_cm":195471,"minecraft:player_kills":4,"minecraft:crouch_one_cm":77,"minecraft:play_time":29960,"minecraft:deaths":11,"minecraft:sneak_time":69,"minecraft:walk_under_water_one_cm":8062,"minecraft:jump":555,"minecraft:time_since_death":3027,"minecraft:walk_on_water_one_cm":9393,"minecraft:total_world_time":29960,"minecraft:fall_one_cm":14707},"minecraft:mined":{"minecraft:hay_block":21,"minecraft:seagrass":2,"minecraft:short_grass":14,"minecraft:tall_grass":1},"minecraft:killed":{"minecraft:sheep":3,"minecraft:trader_llama":1,"minecraft:zombie":2,"minecraft:wandering_trader":1,"minecraft:cow":1},"minecraft:picked_up":{"minecraft:sponge":10,"minecraft:wheat":64,"minecraft:cooked_beef":2,"minecraft:leather":5,"minecraft:torch":1,"minecraft:lead":1,"minecraft:diamond_sword":12,"minecraft:enchanted_book":1,"minecraft:tnt":255,"minecraft:cooked_mutton":5,"minecraft:arrow":2,"minecraft:diamond_chestplate":12,"minecraft:bow":3,"minecraft:diamond_leggings":14,"minecraft:wheat_seeds":2,"minecraft:diamond_boots":13,"minecraft:hay_block":21,"minecraft:iron_nugget":16,"minecraft:diamond_helmet":8,"minecraft:black_wool":1,"minecraft:white_wool":2}},"DataVersion":3953}