{"stats":{"minecraft:killed_by":{"minecraft:iron_golem":1,"minecraft:player":10},"minecraft:crafted":{"minecraft:wheat":126},"minecraft:used":{"minecraft:cooked_mutton":5,"minecraft:diamond_boots":3,"minecraft:command_block":3,"minecraft:diamond_chestplate":5,"minecraft:diamond_sword":168,"minecraft:anvil":2,"minecraft:bow":77,"minecraft:tnt":5,"minecraft:diamond_helmet":1,"minecraft:cooked_beef":2,"minecraft:enchanted_golden_apple":1,"minecraft:diamond_leggings":4},"minecraft:dropped":{"minecraft:enchanted_book":2,"minecraft:diamond_chestplate":7,"minecraft:diamond_leggings":3,"minecraft:diamond_helmet":6,"minecraft:diamond_boots":1,"minecraft:bow":6,"minecraft:diamond_sword":4},"minecraft:custom":{"minecraft:time_since_rest":6179,"minecraft:damage_absorbed":160,"minecraft:sprint_one_cm":80428,"minecraft:damage_taken":3606,"minecraft:walk_one_cm":125509,"minecraft:interact_with_anvil":4,"minecraft:mob_kills":11,"minecraft:drop":29,"minecraft:damage_dealt":5456,"minecraft:damage_dealt_absorbed":7,"minecraft:swim_one_cm":13704,"minecraft:fly_one_cm":272754,"minecraft:player_kills":7,"minecraft:crouch_one_cm":77,"minecraft:play_time":58272,"minecraft:deaths":15,"minecraft:sneak_time":103,"minecraft:walk_under_water_one_cm":10288,"minecraft:jump":778,"minecraft:leave_game":1,"minecraft:time_since_death":6152,"minecraft:walk_on_water_one_cm":11085,"minecraft:damage_resisted":70,"minecraft:total_world_time":58272,"minecraft:fall_one_cm":18193},"minecraft:mined":{"minecraft:hay_block":21,"minecraft:seagrass":2,"minecraft:short_grass":14,"minecraft:tall_grass":1},"minecraft:killed":{"minecraft:sheep":3,"minecraft:trader_llama":1,"minecraft:zombie":2,"minecraft:spider":1,"minecraft:wandering_trader":1,"minecraft:cow":1},"minecraft:picked_up":{"minecraft:sponge":10,"minecraft:wheat":64,"minecraft:cooked_beef":2,"minecraft:leather":5,"minecraft:torch":1,"minecraft:lead":1,"minecraft:diamond_sword":12,"minecraft:enchanted_book":1,"minecraft:netherite_leggings":1,"minecraft:tnt":255,"minecraft:cooked_mutton":5,"minecraft:arrow":2,"minecraft:diamond_chestplate":13,"minecraft:netherite_helmet":1,"minecraft:bow":3,"minecraft:diamond_leggings":15,"minecraft:wheat_seeds":2,"minecraft:netherite_sword":1,"minecraft:diamond_boots":13,"minecraft:hay_block":21,"minecraft:netherite_chestplate":1,"minecraft:iron_nugget":16,"minecraft:diamond_helmet":10,"minecraft:enchanted_golden_apple":64,"minecraft:black_wool":1,"minecraft:netherite_boots":1,"minecraft:white_wool":2}},"DataVersion":3953}