{"stats":{"minecraft:killed_by":{"minecraft:player":1,"minecraft:iron_golem":2},"minecraft:used":{"minecraft:diamond_chestplate":1,"minecraft:diamond_helmet":1,"minecraft:diamond_boots":1,"minecraft:diamond_leggings":1},"minecraft:custom":{"minecraft:jump":63,"minecraft:time_since_rest":5891,"minecraft:walk_on_water_one_cm":1469,"minecraft:sprint_one_cm":238,"minecraft:damage_dealt":-16,"minecraft:deaths":3,"minecraft:play_time":11933,"minecraft:damage_taken":3675,"minecraft:time_since_death":5666,"minecraft:walk_one_cm":7304,"minecraft:total_world_time":11933,"minecraft:fall_one_cm":882,"minecraft:fly_one_cm":3398},"minecraft:picked_up":{"minecraft:diamond_chestplate":2,"minecraft:diamond_helmet":2,"minecraft:diamond_leggings":2,"minecraft:diamond_boots":2}},"DataVersion":3953}