{"stats":{"minecraft:killed_by":{"minecraft:iron_golem":2,"minecraft:player":3},"minecraft:used":{"minecraft:diamond_chestplate":1,"minecraft:diamond_boots":1,"minecraft:diamond_helmet":1,"minecraft:diamond_leggings":1},"minecraft:custom":{"minecraft:time_since_rest":103,"minecraft:play_time":16938,"minecraft:sprint_one_cm":238,"minecraft:walk_one_cm":11310,"minecraft:damage_taken":8587,"minecraft:deaths":5,"minecraft:jump":123,"minecraft:damage_dealt":-16,"minecraft:leave_game":1,"minecraft:time_since_death":0,"minecraft:walk_on_water_one_cm":1469,"minecraft:total_world_time":16938,"minecraft:fall_one_cm":882,"minecraft:fly_one_cm":4594},"minecraft:broken":{"minecraft:diamond_leggings":1,"minecraft:diamond_helmet":1,"minecraft:diamond_boots":1},"minecraft:picked_up":{"minecraft:diamond_chestplate":2,"minecraft:diamond_leggings":2,"minecraft:diamond_boots":2,"minecraft:diamond_helmet":2}},"DataVersion":3953}