{"stats":{"minecraft:killed_by":{"minecraft:iron_golem":1,"minecraft:player":5},"minecraft:crafted":{"minecraft:oak_planks":8,"minecraft:crafting_table":1,"minecraft:bread":21},"minecraft:used":{"minecraft:diamond_boots":1,"minecraft:flint_and_steel":7,"minecraft:bread":18,"minecraft:diamond_chestplate":4,"minecraft:golden_sword":2,"minecraft:golden_apple":2,"minecraft:diamond_sword":262,"minecraft:dirt":5,"minecraft:bow":2,"minecraft:crafting_table":1,"minecraft:carrot":2,"minecraft:diamond_helmet":2,"minecraft:golden_chestplate":1,"minecraft:diamond_leggings":1},"minecraft:dropped":{"minecraft:diamond_sword":1,"minecraft:bread":1,"minecraft:oak_pressure_plate":1,"minecraft:wheat_seeds":5,"minecraft:iron_nugget":16,"minecraft:oak_log":2,"minecraft:golden_chestplate":2,"minecraft:diamond_chestplate":5,"minecraft:wheat":64,"minecraft:diamond_leggings":3,"minecraft:diamond_helmet":7,"minecraft:lead":1,"minecraft:diamond_boots":2,"minecraft:arrow":2,"minecraft:flint_and_steel":3},"minecraft:custom":{"minecraft:time_since_rest":2122,"minecraft:sprint_one_cm":139682,"minecraft:walk_one_cm":88724,"minecraft:damage_taken":3199,"minecraft:damage_absorbed":82,"minecraft:drop":36,"minecraft:damage_dealt":5342,"minecraft:interact_with_crafting_table":1,"minecraft:swim_one_cm":36858,"minecraft:fly_one_cm":118157,"minecraft:player_kills":10,"minecraft:open_chest":2,"minecraft:crouch_one_cm":1703,"minecraft:play_time":29807,"minecraft:deaths":7,"minecraft:sneak_time":750,"minecraft:walk_under_water_one_cm":9843,"minecraft:jump":606,"minecraft:leave_game":1,"minecraft:time_since_death":2088,"minecraft:walk_on_water_one_cm":13839,"minecraft:total_world_time":29807,"minecraft:fall_one_cm":25612},"minecraft:mined":{"minecraft:tall_seagrass":1,"minecraft:carrots":1,"minecraft:fire":3,"minecraft:tnt":5,"minecraft:oak_log":2,"minecraft:short_grass":19,"minecraft:grass_block":1,"minecraft:dirt":5,"minecraft:tall_grass":4},"minecraft:picked_up":{"minecraft:sponge":20,"minecraft:wheat":190,"minecraft:pig_spawn_egg":12,"minecraft:oak_pressure_plate":2,"minecraft:lead":2,"minecraft:diamond_sword":9,"minecraft:oak_log":4,"minecraft:golden_sword":2,"minecraft:carrot":8,"minecraft:golden_chestplate":2,"minecraft:dirt":5,"minecraft:dispenser":32,"minecraft:tnt":707,"minecraft:flint_and_steel":2,"minecraft:arrow":7,"minecraft:diamond_chestplate":20,"minecraft:bow":5,"minecraft:diamond_leggings":12,"minecraft:wheat_seeds":11,"minecraft:diamond_boots":10,"minecraft:bread":18,"minecraft:diamond_helmet":19,"minecraft:oak_planks":4}},"DataVersion":3953}