{"stats":{"minecraft:killed_by":{"minecraft:player":2},"minecraft:used":{"minecraft:flint_and_steel":7,"minecraft:bread":12,"minecraft:diamond_chestplate":2,"minecraft:golden_sword":2,"minecraft:golden_apple":2,"minecraft:diamond_sword":133,"minecraft:dirt":5,"minecraft:golden_chestplate":1},"minecraft:dropped":{"minecraft:diamond_sword":1,"minecraft:bread":1,"minecraft:wheat_seeds":1,"minecraft:iron_nugget":16,"minecraft:diamond_chestplate":1,"minecraft:wheat":64,"minecraft:diamond_helmet":1,"minecraft:flint_and_steel":1},"minecraft:custom":{"minecraft:time_since_rest":237,"minecraft:sprint_one_cm":80001,"minecraft:walk_one_cm":53202,"minecraft:damage_taken":1748,"minecraft:damage_absorbed":82,"minecraft:drop":8,"minecraft:damage_dealt":2292,"minecraft:swim_one_cm":21460,"minecraft:fly_one_cm":76161,"minecraft:player_kills":4,"minecraft:open_chest":2,"minecraft:crouch_one_cm":141,"minecraft:play_time":17807,"minecraft:deaths":2,"minecraft:sneak_time":242,"minecraft:walk_under_water_one_cm":5852,"minecraft:jump":359,"minecraft:leave_game":1,"minecraft:time_since_death":194,"minecraft:walk_on_water_one_cm":12329,"minecraft:total_world_time":17807,"minecraft:fall_one_cm":19609},"minecraft:mined":{"minecraft:tall_seagrass":1,"minecraft:fire":3,"minecraft:short_grass":14,"minecraft:grass_block":1,"minecraft:dirt":5},"minecraft:picked_up":{"minecraft:wheat":127,"minecraft:oak_pressure_plate":1,"minecraft:lead":1,"minecraft:diamond_sword":2,"minecraft:dirt":5,"minecraft:arrow":1,"minecraft:diamond_chestplate":3,"minecraft:diamond_leggings":1,"minecraft:wheat_seeds":3,"minecraft:diamond_boots":1,"minecraft:bread":18,"minecraft:diamond_helmet":2}},"DataVersion":3953}