{"stats":{"minecraft:killed_by":{"minecraft:player":5,"minecraft:iron_golem":1},"minecraft:crafted":{"minecraft:oak_planks":8,"minecraft:crafting_table":1,"minecraft:bread":21},"minecraft:used":{"minecraft:diamond_boots":1,"minecraft:flint_and_steel":7,"minecraft:stone":12,"minecraft:golden_apple":2,"minecraft:dirt":5,"minecraft:crafting_table":1,"minecraft:carrot":2,"minecraft:diamond_helmet":2,"minecraft:golden_chestplate":1,"minecraft:bread":18,"minecraft:diamond_sword":292,"minecraft:bedrock":99,"minecraft:diamond_chestplate":4,"minecraft:golden_sword":2,"minecraft:bow":2,"minecraft:cooked_porkchop":1,"minecraft:diamond_leggings":1},"minecraft:dropped":{"minecraft:bread":1,"minecraft:wheat_seeds":5,"minecraft:iron_nugget":16,"minecraft:oak_pressure_plate":1,"minecraft:oak_log":2,"minecraft:golden_chestplate":2,"minecraft:wheat":64,"minecraft:diamond_leggings":3,"minecraft:lead":1,"minecraft:flint_and_steel":3,"minecraft:diamond_sword":1,"minecraft:diamond_chestplate":5,"minecraft:diamond_helmet":7,"minecraft:diamond_boots":2,"minecraft:arrow":2,"minecraft:danger_pottery_sherd":2},"minecraft:custom":{"minecraft:mob_kills":1,"minecraft:interact_with_crafting_table":1,"minecraft:leave_game":3,"minecraft:time_since_death":17502,"minecraft:time_since_rest":17536,"minecraft:sprint_one_cm":154961,"minecraft:damage_absorbed":82,"minecraft:damage_taken":3410,"minecraft:walk_one_cm":95598,"minecraft:drop":38,"minecraft:damage_dealt":5673,"minecraft:swim_one_cm":44572,"minecraft:player_kills":11,"minecraft:fly_one_cm":180108,"minecraft:open_chest":2,"minecraft:crouch_one_cm":2733,"minecraft:play_time":45221,"minecraft:deaths":7,"minecraft:sneak_time":1115,"minecraft:walk_under_water_one_cm":14256,"minecraft:jump":739,"minecraft:walk_on_water_one_cm":14807,"minecraft:total_world_time":45221,"minecraft:fall_one_cm":30102},"minecraft:mined":{"minecraft:short_grass":22,"minecraft:grass_block":1,"minecraft:tall_grass":4,"minecraft:tall_seagrass":1,"minecraft:verdant_froglight":1,"minecraft:carrots":1,"minecraft:fire":3,"minecraft:tnt":5,"minecraft:oak_log":2,"minecraft:dirt":5},"minecraft:killed":{"minecraft:pig":1},"minecraft:picked_up":{"minecraft:sponge":20,"minecraft:wheat":190,"minecraft:lead":2,"minecraft:diamond_sword":9,"minecraft:oak_log":4,"minecraft:danger_pottery_sherd":1,"minecraft:golden_sword":2,"minecraft:dirt":5,"minecraft:flint_and_steel":2,"minecraft:bow":5,"minecraft:wheat_seeds":11,"minecraft:diamond_leggings":12,"minecraft:diamond_helmet":19,"minecraft:oak_planks":4,"minecraft:verdant_froglight":1,"minecraft:cooked_porkchop":1,"minecraft:pig_spawn_egg":12,"minecraft:oak_pressure_plate":2,"minecraft:carrot":8,"minecraft:golden_chestplate":2,"minecraft:tnt":707,"minecraft:arrow":7,"minecraft:dispenser":32,"minecraft:diamond_chestplate":20,"minecraft:diamond_boots":10,"minecraft:bread":18}},"DataVersion":3953}