{"stats":{"minecraft:killed_by":{"minecraft:player":1},"minecraft:used":{"minecraft:golden_sword":2,"minecraft:dirt":5,"minecraft:golden_chestplate":1},"minecraft:custom":{"minecraft:time_since_rest":5054,"minecraft:open_chest":2,"minecraft:crouch_one_cm":131,"minecraft:play_time":5831,"minecraft:sprint_one_cm":16793,"minecraft:walk_one_cm":11064,"minecraft:damage_taken":291,"minecraft:deaths":1,"minecraft:sneak_time":68,"minecraft:walk_under_water_one_cm":3497,"minecraft:jump":157,"minecraft:damage_dealt":4,"minecraft:leave_game":1,"minecraft:time_since_death":5025,"minecraft:walk_on_water_one_cm":1100,"minecraft:total_world_time":5831,"minecraft:swim_one_cm":1501,"minecraft:fall_one_cm":3782,"minecraft:fly_one_cm":27555},"minecraft:mined":{"minecraft:short_grass":2,"minecraft:grass_block":1,"minecraft:dirt":5},"minecraft:picked_up":{"minecraft:wheat_seeds":2,"minecraft:dirt":5}},"DataVersion":3953}